"indicator","Q","df_Q","Q_pval","I2","H2","tau2","tau"
"SOC",1107.227441818024,86,4.675418192168299e-177,95.77750855662681,23.68270044855648,0.0163241162869733,0.1277658651086952
