"indicator","Q","df_Q","Q_pval","I2","H2","tau2","tau"
"SOC",1107.227441818024,86,4.675418192168299e-177,92.2328514673741,12.87473769555842,0.008545922451307475,0.09244415855697684
